"INDEXING IN PROGRESS Last Indexed: icepixie, p7",AO3 Name,Link to Letters post comment,"READ ME (I mean, if you want to. Otherwise, look! A-Z fandoms!)"
,Mithrigil,http://yuletide.livejournal.com/1206311.html?thread=18905895#t18905895,#GoGetThoseGeckos | Foton-M4 Mission
,Doranwen,http://yuletide.livejournal.com/1206311.html?thread=18856231#t18856231,1-800-Missing (TV)
,Wasuremono,http://yuletide.livejournal.com/1206311.html?thread=18924071#t18924071,11人いる! | Juuichinin Iru! | They Were Eleven
,betony,http://betony.dreamwidth.org/4950.html,12th Century Welsh History RPF
,betony,http://yuletide.livejournal.com/1206311.html?thread=18910247#t18910247,12th Century Welsh History RPF
,astrokath,http://yuletide.livejournal.com/1206311.html?thread=18863143#t18863143,19th Century Scientists RPF
,kissoffools,http://yuletide.livejournal.com/1206311.html?thread=18862887#t18862887,21 Jump Street (movies)
,hiddencait,http://yuletide.livejournal.com/1206311.html?thread=18888231#t18888231,28 Weeks Later (2007)
,thefourthvine,http://yuletide.livejournal.com/1206311.html?thread=18921767#t18921767,80 Days
,Wayfarers,http://yuletide.livejournal.com/1206311.html?thread=18867495#t18867495,A Clockwork Orange (1971)
,ElStaplador,http://el-staplador.dreamwidth.org/407888.html,A Company of Swans - Eva Ibbotso
,jedi_penguin,http://yuletide.livejournal.com/1206311.html?thread=18875687#t18875687,A Fine Romance (TV)
,alliterate,http://yuletide.livejournal.com/1206311.html?thread=18859303#t18859303,A Place of Greater Safety - Hilary Mantel
,radialarch,http://yuletide.livejournal.com/1206311.html?thread=18861351#t18861351,A Study in Emerald - Neil Gaiman
,htbthomas,http://yuletide.livejournal.com/1206311.html?thread=18872871#t18872871,A to Z (TV)
,Sath,http://yuletide.livejournal.com/1206311.html?thread=18861607#t18861607,A Young Doctor's Notebook (TV Series)
,Kivrin,http://yuletide.livejournal.com/1206311.html?thread=18875175#t18875175,Adam Dalgliesh series - P.D. James
,Lillian,http://yuletide.livejournal.com/1206311.html?thread=18902823#t18902823,Adekan
,toucanpie,http://yuletide.livejournal.com/1206311.html?thread=18900519#t18900519,Adore (2013)
,Syme,http://just-the-syme.livejournal.com/982.html,Adrian Mole Series - Sue Townsend
,RecessiveJean,http://recessivejean.livejournal.com/11594.html,Adventure Series — Enid Blyton
,RecessiveJean,http://yuletide.livejournal.com/1206311.html?thread=18906151#t18906151,Adventure Series — Enid Blyton
,rosaxx50,http://yuletide.livejournal.com/1206311.html?thread=18900775#t18900775,AdventureQuest
,boosette,http://boosette.livejournal.com/1428307.html,Adventures of the Galaxy Rangers
,toucanpie,http://yuletide.livejournal.com/1206311.html?thread=18900519#t18900519,Agents of S.H.I.E.L.D. RPF
,debirlfan,http://yuletide.livejournal.com/1206311.html?thread=18919719#t18919719,Airwolf
,Nerissa,http://yuletide.livejournal.com/1206311.html?thread=18853159#t18853159,All I Want for Christmas (1991)
,cordialcount,http://yuletide.livejournal.com/1206311.html?thread=18863399#t18863399,Alliance-Union - C. J. Cherryh
,havetohowl,http://yuletide.livejournal.com/1206311.html?thread=18868007#t18868007,Almost Human
,hoktauri,http://yuletide.livejournal.com/1206311.html?thread=18901799#t18901799,Almost Human
,HopefulNebula,http://yuletide.livejournal.com/1206311.html?thread=18866215#t18866215,Alphas
,Fabrisse,http://yuletide.livejournal.com/1206311.html?thread=18870567#t18870567,Amazing Grace (2006)
,rainbowkitten,http://yuletide.livejournal.com/1206311.html?thread=18876199#t18876199,America's Next Top Model RPF
,rainbowkitten,http://yuletide.livejournal.com/1206311.html?thread=18876199#t18876199,American Horror Story: Murder House
,lonelywalker,http://yuletide.livejournal.com/1206311.html?thread=18860583#t18860583,American Renaissance RPF
,Abstractconcept,http://yuletide.livejournal.com/1206311.html?thread=18866727#t18866727,Americas Next Top Model RPF
,hiddencait,http://yuletide.livejournal.com/1206311.html?thread=18888231#t18888231,An Inquiry into Love and Death - Simone St. James
,Quillori,http://yuletide.livejournal.com/1206311.html?thread=18852903#t18852903,Ancient Egyptian Religion
,redsnake05,http://redsnake05.dreamwidth.org/262027.html,Ancient Egyptian Religion
,rubylily,http://yuletide.livejournal.com/1206311.html?thread=18897703#t18897703,Angel Dust
,boosette,http://boosette.livejournal.com/1428307.html,Anne of Green Gables
,havetohowl,http://yuletide.livejournal.com/1206311.html?thread=18868007#t18868007,Archer (Cartoon)
,TLvop,http://yuletide.livejournal.com/1206311.html?thread=18858791#t18858791,Archer's Goon - Diana Wynne Jones
,Lillian,http://yuletide.livejournal.com/1206311.html?thread=18902823#t18902823,Are You Alice?
,lonelywalker,http://yuletide.livejournal.com/1206311.html?thread=18860583#t18860583,Aristotle and Dante Discover the Secrets of the Universe - Benjamin Alire Sáenz
,gonergone,http://yuletide.livejournal.com/1206311.html?thread=18881575#t18881575,Aristotle and Dante Discover the Secrets of the Universe - Benjamin Alire Sáenz
,Doyle,http://yuletide.livejournal.com/1206311.html?thread=18877991#t18877991,Arrested Development
,Melody_Jade,http://yuletide.livejournal.com/1206311.html?thread=18860327#t18860327,As the World Turns
,Kristin,http://yuletide.livejournal.com/1206311.html?thread=18892327#t18892327,Attack the Block (2011)
,Zhailei,http://yuletide.livejournal.com/1206311.html?thread=18903079#t18903079,Avalon High (2010)
,blueteak,http://yuletide.livejournal.com/1206311.html?thread=18868519#t18868519,Backdraft (1991)
,galerian_ash,http://yuletide.livejournal.com/1206311.html?thread=18884391#t18884391,Backdraft (1991)
,angharad_crewe,http://angharad-crewe.livejournal.com/1027.html,Badass Historical Queens
,thisisthemorning,http://yuletide.livejournal.com/1206311.html?thread=18871847#t18871847,Bandits (1997)
,APgeeksout,http://yuletide.livejournal.com/1206311.html?thread=18886183#t18886183,Banshee
,Syme,http://just-the-syme.livejournal.com/982.html,Bas Lag - China Miéville
,perdiccas,http://yuletide.livejournal.com/1206311.html?thread=18916903#t18916903,Bates Motel (2013)
,Shorina,http://yuletide.livejournal.com/1206311.html?thread=18923815#t18923815,Beck (TV)
,bastoni,http://yuletide.livejournal.com/1206311.html?thread=18923303#t18923303,Beetlejuice (1988)
,weasleytook,http://yuletide.livejournal.com/1206311.html?thread=18907431#t18907431,Behind the Mask: The Rise of Leslie Vernon (2006)
,TheFierceBeast,http://yuletide.livejournal.com/1206311.html?thread=18924583#t18924583,Being Human (UK)
,zeen,http://yuletide.livejournal.com/1206311.html?thread=18859815#t18859815,Belle (2013)
,Citagazze,http://yuletide.livejournal.com/1206311.html?thread=18916391#t18916391,Belle (2013)
,cookinguptales,http://yuletide.livejournal.com/1206311.html?thread=18854695#t18854695,Bend It Like Beckham (2002)
,sadlikeknives,http://yuletide.livejournal.com/1206311.html?thread=18911783#t18911783,Benjamin January mysteries - Barbara Hambly
,calliopes_pen,http://calliopes-pen.dreamwidth.org/918329.html,Bewitched
,rainbowkitten,http://yuletide.livejournal.com/1206311.html?thread=18876199#t18876199,Big Brother RPF
,carolinecrane,http://yuletide.livejournal.com/1206311.html?thread=18901287#t18901287,Big Eden (2000)
,Alby_Mangroves,http://yuletide.livejournal.com/1206311.html?thread=18889255#t18889255,Billy Elliot (2000)
,Kharasma,http://yuletide.livejournal.com/1206311.html?thread=18913319#t18913319,Bishoujo Senshi Sailor Moon | Pretty Guardian Sailor Moon (Live Action TV)
,thisisthemorning,http://yuletide.livejournal.com/1206311.html?thread=18871847#t18871847,Black Books
,Persiflager,http://yuletide.livejournal.com/1206311.html?thread=18928423#t18928423,Black Books
,TeaRoses,http://yuletide.livejournal.com/1206311.html?thread=18917927#t18917927,Black Jack (Anime & Manga)
,sevenofspade,http://yuletide.livejournal.com/1206311.html?thread=18893607#t18893607,Bloodhound Files - D. D. Barant
,empressearwig,http://yuletide.livejournal.com/1206311.html?thread=18885159#t18885159,Bloodlines Series - Richelle Mead
,mpatientdreamr,http://yuletide.livejournal.com/1206311.html?thread=18880039#t18880039,Blue Beetle (Comics)
,Tielan,http://yuletide.livejournal.com/1206311.html?thread=18927143#t18927143,Blue Castle - L. M. Montgomery
,Bond_Girl,http://yuletide.livejournal.com/1206311.html?thread=18867751#t18867751,Boardwalk Empire
,warriorpoet,http://yuletide.livejournal.com/1206311.html?thread=18896679#t18896679,Bojack Horseman
,Shorina,http://yuletide.livejournal.com/1206311.html?thread=18923815#t18923815,Bolitho - Alexander Kent
,mpatientdreamr,http://yuletide.livejournal.com/1206311.html?thread=18880039#t18880039,Books of the Raksura- Martha Wells
,melmillo,http://yuletide.livejournal.com/1206311.html?thread=18873639#t18873639,Borderlands
,fairy_flies,http://yuletide.livejournal.com/1206311.html?thread=18858023#t18858023,Bravely Default
,warriorpoet,http://yuletide.livejournal.com/1206311.html?thread=18896679#t18896679,Breaking Bad
,hoktauri,http://yuletide.livejournal.com/1206311.html?thread=18901799#t18901799,Breaking Bad
,SegaBarrett,http://yuletide.livejournal.com/1206311.html?thread=18904359#t18904359,Breaking Bad
,JayGreen,http://yuletide.livejournal.com/1206311.html?thread=18917415#t18917415,Breaking Bad
,disenchanted,http://yuletide.livejournal.com/1206311.html?thread=18863655#t18863655,Brideshead Revisited - Evelyn Waugh
,TeaRoses,http://yuletide.livejournal.com/1206311.html?thread=18917927#t18917927,Brief Encounter (1945)
,peevee,http://yuletide.livejournal.com/1206311.html?thread=18860839#t18860839,Bring It On (Movies)
,Persiflager,http://yuletide.livejournal.com/1206311.html?thread=18928423#t18928423,Bring It On (Movies)
,voksen,http://yuletide.livejournal.com/1206311.html?thread=18858535#t18858535,Broadway RPF
,jaegecko,http://yuletide.livejournal.com/1206311.html?thread=18867239#t18867239,Bron | Broen | The Bridge
,Marks,http://yuletide.livejournal.com/1206311.html?thread=18882087#t18882087,Brooklyn Nine-Nine
,JayGreen,http://yuletide.livejournal.com/1206311.html?thread=18917415#t18917415,Brooklyn Nine-Nine
,nausicaa,http://yuletide.livejournal.com/1206311.html?thread=18859559#t18859559,Brooklyn Nine-Nine (TV)
,fenellaevangela,http://yuletide.livejournal.com/1206311.html?thread=18911527#t18911527,Brooklyn Nine-Nine (TV)
,merryghoul,http://yuletide.livejournal.com/1206311.html?thread=18856743#t18856743,Burn Notice
,thecarlysutra,http://yuletide.livejournal.com/1206311.html?thread=18891047#t18891047,Burn Notice
,empressearwig,http://yuletide.livejournal.com/1206311.html?thread=18885159#t18885159,Cainsville - Kelley Armstrong
,alliterate,http://yuletide.livejournal.com/1206311.html?thread=18859303#t18859303,Captain America (Movies) RPF
,radialarch,http://yuletide.livejournal.com/1206311.html?thread=18861351#t18861351,Captain America (Movies) RPF
,specialrhino,http://yuletide.livejournal.com/1206311.html?thread=18898727#t18898727,Captive Prince - C. S. Pacat
,kef,http://yuletide.livejournal.com/1206311.html?thread=18887463#t18887463,Carmilla (Web Series)
,botherd,http://yuletide.livejournal.com/1206311.html?thread=18897191#t18897191,Carmilla (Web Series)
,Morbane,http://yuletide.livejournal.com/1206311.html?thread=18915623#t18915623,Chalice - Robin McKinley
,sonicshambles,http://yuletide.livejournal.com/1206311.html?thread=18860071#t18860071,Chess - Rice/Ulvaeus/Andersson
,hoktauri,http://yuletide.livejournal.com/1206311.html?thread=18901799#t18901799,Chess (Board Game)
,Mithrigil,http://yuletide.livejournal.com/1206311.html?thread=18905895#t18905895,Child of Light (Video Game)
,icepixie,http://yuletide.livejournal.com/1206311.html?thread=18930471#t18930471,China Beach
,Quillori,http://yuletide.livejournal.com/1206311.html?thread=18852903#t18852903,Chinese Mythology
,leobrat,http://yuletide.livejournal.com/1206311.html?thread=18911015#t18911015,Christy (TV Series)
,raspberryhunter,http://yuletide.livejournal.com/1206311.html?thread=18865959#t18865959,Church Going - Philip Larkin
,SegaBarrett,http://yuletide.livejournal.com/1206311.html?thread=18904359#t18904359,Clarissa
,slr2moons,http://yuletide.livejournal.com/1206311.html?thread=18909479#t18909479,Claymore
,Krityan,http://yuletide.livejournal.com/1206311.html?thread=18870055#t18870055,Clock Tower (Video Game 1995)
,kindkit,http://yuletide.livejournal.com/1206311.html?thread=18901031#t18901031,Cloudburst at Shingle Street - Thomas Dolby (Song)
,Sath,http://yuletide.livejournal.com/1206311.html?thread=18861607#t18861607,Code Name Verity - Elizabeth Wein
,Abstractconcept,http://yuletide.livejournal.com/1206311.html?thread=18866727#t18866727,Colorado Avalanche RPF
,Hokuto,http://yuletide.livejournal.com/1206311.html?thread=18883879#t18883879,Colossus: The Forbin Project
,toucanpie,http://yuletide.livejournal.com/1206311.html?thread=18900519#t18900519,Common Law
,Deepdarkwaters,http://yuletide.livejournal.com/1206311.html?thread=18878247#t18878247,Conscientious Objector - Edna St Vincent Millay (Poem)
,turtlebook,http://turtlebook.livejournal.com/625.html,Constantine (2005)
,Magisterequitum,http://yuletide.livejournal.com/1206311.html?thread=18861095#t18861095,Continuum (TV)
,SegaBarrett,http://yuletide.livejournal.com/1206311.html?thread=18904359#t18904359,Copper
,icepixie,http://yuletide.livejournal.com/1206311.html?thread=18930471#t18930471,Corner Gas
,cookinguptales,http://yuletide.livejournal.com/1206311.html?thread=18854695#t18854695,"Cornetto ""40 - love"" Commercial"
,jedi_penguin,http://yuletide.livejournal.com/1206311.html?thread=18875687#t18875687,Counter-Measures (Big Finish Audio)
,NightsMistress,http://yuletide.livejournal.com/1206311.html?thread=18888487#t18888487,Coven of Three
,NightsMistress,http://yuletide.livejournal.com/1206311.html?thread=18888487#t18888487,Craft Sequence - Max Gladstone
,Abstractconcept,http://yuletide.livejournal.com/1206311.html?thread=18866727#t18866727,Dallas Stars RPF
,And_Dream_Of_Erebor,http://yuletide.livejournal.com/1206311.html?thread=18874663#t18874663,Dana Knightstone series (Video Games)
,angharad_crewe,http://angharad-crewe.livejournal.com/1027.html,Dancing Queen - ABBA (Song)
,Sonni89,http://yuletide.livejournal.com/1206311.html?thread=18886951#t18886951,Dancing with the Stars (US) RPF
,Wasuremono,http://yuletide.livejournal.com/1206311.html?thread=18924071#t18924071,Dangan Ronpa
,sevenofspade,http://yuletide.livejournal.com/1206311.html?thread=18893607#t18893607,Dans les Prisons de Nantes (Song)
,cookinguptales,http://yuletide.livejournal.com/1206311.html?thread=18854695#t18854695,Daria (Cartoon)
,JayGreen,http://yuletide.livejournal.com/1206311.html?thread=18917415#t18917415,Daria (Cartoon)
,bastoni,http://yuletide.livejournal.com/1206311.html?thread=18923303#t18923303,Dark City (1998)
,calliopes_pen,http://calliopes-pen.dreamwidth.org/918329.html,Dark Shadows (1991)
,Fells,http://yuletide.livejournal.com/1206311.html?thread=18864935#t18864935,Dark Souls
,Rekall,http://yuletide.livejournal.com/1206311.html?thread=18866983#t18866983,Dark Wolverine (Comics)
,vintar,http://yuletide.livejournal.com/1206311.html?thread=18920999#t18920999,Deadly Premonition | Red Seeds Profile
,kindkit,http://yuletide.livejournal.com/1206311.html?thread=18901031#t18901031,Death by Silver - Amy Griswold & Melissa Scott
,lonelywalker,http://yuletide.livejournal.com/1206311.html?thread=18860583#t18860583,Death by Silver - Amy Griswold and Melissa Scott
,fenellaevangela,http://yuletide.livejournal.com/1206311.html?thread=18911527#t18911527,Decoys (2004)
,Krityan,http://yuletide.livejournal.com/1206311.html?thread=18870055#t18870055,Demento | Haunting Ground
,WildAndFreeHearts,http://yuletide.livejournal.com/1206311.html?thread=18864423#t18864423,Der Ring des Nibelungen | The Ring of the Nibelung - Wagner
,ElStaplador,http://el-staplador.dreamwidth.org/407888.html,Dickson McCunn novels - John Buchan
,TeaRoses,http://yuletide.livejournal.com/1206311.html?thread=18917927#t18917927,Die Ärzte
,Susanoo_no_Mikoto,http://yuletide.livejournal.com/1206311.html?thread=18930215#t18930215,Die Dreigroschenoper | Threepenny Opera - Brecht/Weill
,Rosencrantz,http://yuletide.livejournal.com/1206311.html?thread=18925607#t18925607,Dinotopia - James Gurney
,originally,http://yuletide.livejournal.com/1206311.html?thread=18871591#t18871591,Dishonored (Video Game)
,accidental_zombie,http://yuletide.livejournal.com/1206311.html?thread=18855207#t18855207,Dissidia: Final Fantasy
,Mithen,http://yuletide.livejournal.com/1206311.html?thread=18925351#t18925351,Doctrine of Labyrinths - Sarah Monette
,kef,http://yuletide.livejournal.com/1206311.html?thread=18887463#t18887463,Dollhouse
,sperrywink,http://sperrywink.dreamwidth.org/316106.html,Donald Strachey Mysteries (movies)
,vintar,http://yuletide.livejournal.com/1206311.html?thread=18920999#t18920999,Dota 2
,Bakcheia,http://yuletide.livejournal.com/1206311.html?thread=18915879#t18915879,Dracula (TV 2013)
,lily_castleton,http://yuletide.livejournal.com/1206311.html?thread=18859047#t18859047,Drag-On Dragoon 3 | Drakengard 3
,rosaxx50,http://yuletide.livejournal.com/1206311.html?thread=18900775#t18900775,Dragonfable
,astrokath,http://yuletide.livejournal.com/1206311.html?thread=18863143#t18863143,Dragonriders of Pern - Anne McCaffrey
,Morbane,http://yuletide.livejournal.com/1206311.html?thread=18915623#t18915623,Dragonriders of Pern - Anne McCaffrey
,blueteak,http://yuletide.livejournal.com/1206311.html?thread=18868519#t18868519,Dublin Murder Squad Series - Tana French
,TLvop,http://yuletide.livejournal.com/1206311.html?thread=18858791#t18858791,Eight Days of Luke - Diana Wynne Jones
,Bond_Girl,http://yuletide.livejournal.com/1206311.html?thread=18867751#t18867751,Elementary (TV)
,russian_blue,http://yuletide.livejournal.com/1206311.html?thread=18871079#t18871079,Elfquest
,Deepdarkwaters,http://yuletide.livejournal.com/1206311.html?thread=18878247#t18878247,Elizabeth Parker's Sampler
,thisisthemorning,http://yuletide.livejournal.com/1206311.html?thread=18871847#t18871847,Emelan - Tamora Pierce
,shewhoguards,http://googlebrat.livejournal.com/646442.html,Ender Series - Orson Scott Card
,sadlikeknives,http://yuletide.livejournal.com/1206311.html?thread=18911783#t18911783,ESPN FC World Cup 2014 RPF
,shewhoguards,http://googlebrat.livejournal.com/646442.html,Exiles - Melanie Rawn
,Tielan,http://yuletide.livejournal.com/1206311.html?thread=18927143#t18927143,Exiles - Melanie Rawn
,astrokath,http://yuletide.livejournal.com/1206311.html?thread=18863143#t18863143,Exiles Saga and Galactic Milieu - Julian May
,silkstocking,http://yuletide.livejournal.com/1206311.html?thread=18895911#t18895911,Fail_Fandomanon RPF
,lily_castleton,http://yuletide.livejournal.com/1206311.html?thread=18859047#t18859047,FAKE (manga)
,Kivrin,http://yuletide.livejournal.com/1206311.html?thread=18875175#t18875175,Fake News RPF
,yaseanne,http://yuletide.livejournal.com/1206311.html?thread=18853415#t18853415,Fallen London | Echo Bazaar
,merryghoul,http://yuletide.livejournal.com/1206311.html?thread=18856743#t18856743,Fallen London | Echo Bazaar
,who_la_hoop,http://yuletide.livejournal.com/1206311.html?thread=18856999#t18856999,Fallen London | Echo Bazaar
,Rosencrantz,http://yuletide.livejournal.com/1206311.html?thread=18925607#t18925607,Fashion Star Fillies (Toys)
,magicasen,http://yuletide.livejournal.com/1206311.html?thread=18887975#t18887975,Fate/stay night (Visual Novel)
,prodigy,http://yuletide.livejournal.com/1206311.html?thread=18920231#t18920231,Fate/Zero
,Snickfic,http://yuletide.livejournal.com/1206311.html?thread=18862631#t18862631,FF (Comics)
,possibilityleft,http://yuletide.livejournal.com/1206311.html?thread=18918183#t18918183,Fillmore!
,oryx,http://yuletide.livejournal.com/1206311.html?thread=18888999#t18888999,Final Fantasy Crystal Chronicles
,lily_castleton,http://yuletide.livejournal.com/1206311.html?thread=18859047#t18859047,Final Fantasy III
,robot_jesus,http://yuletide.livejournal.com/1206311.html?thread=18855975#t18855975,Final Fantasy V
,terra_branford,http://yuletide.livejournal.com/1206311.html?thread=18858279#t18858279,Final Fantasy VI
,devilinacardigan,http://yuletide.livejournal.com/1206311.html?thread=18866471#t18866471,Fingersmith (TV)
,kindkit,http://yuletide.livejournal.com/1206311.html?thread=18901031#t18901031,First World War RPF
,fairy_flies,http://yuletide.livejournal.com/1206311.html?thread=18858023#t18858023,Five Nights at Freddy's
,galerian_ash,http://yuletide.livejournal.com/1206311.html?thread=18884391#t18884391,Fly Daddy Fly (2005)
,htbthomas,http://yuletide.livejournal.com/1206311.html?thread=18872871#t18872871,Forever (TV)
,Kivrin,http://yuletide.livejournal.com/1206311.html?thread=18875175#t18875175,Foyle's War
,franzeska,http://yuletide.livejournal.com/1206311.html?thread=18862119#t18862119,Framed (TV 1992)
,Alby_Mangroves,http://yuletide.livejournal.com/1206311.html?thread=18889255#t18889255,Frank (2014)
,Fabrisse,http://yuletide.livejournal.com/1206311.html?thread=18870567#t18870567,Frankenstein - Nick Dear
,Marks,http://yuletide.livejournal.com/1206311.html?thread=18882087#t18882087,Friday Night Lights
,SegaBarrett,http://yuletide.livejournal.com/1206311.html?thread=18904359#t18904359,Friday Night Lights
,havetohowl,http://yuletide.livejournal.com/1206311.html?thread=18868007#t18868007,Fright Night (1985)
,warriorpoet,http://yuletide.livejournal.com/1206311.html?thread=18896679#t18896679,From Dusk Till Dawn: The Series
,kindkit,http://yuletide.livejournal.com/1206311.html?thread=18901031#t18901031,Full Monty (1997)
,Wayfarers,http://yuletide.livejournal.com/1206311.html?thread=18867495#t18867495,Funny Games (2007)
,gaialux,http://yuletide.livejournal.com/1206311.html?thread=18894631#t18894631,Futurama
,russian_blue,http://yuletide.livejournal.com/1206311.html?thread=18871079#t18871079,Gabriel Knight
,TheFierceBeast,http://yuletide.livejournal.com/1206311.html?thread=18924583#t18924583,Gallows - Cocorosie (music video)
,silkstocking,http://yuletide.livejournal.com/1206311.html?thread=18895911#t18895911,Game of Thrones RPF
,botherd,http://yuletide.livejournal.com/1206311.html?thread=18897191#t18897191,Game of Thrones RPF
,Settiai,http://yuletide.livejournal.com/1206311.html?thread=18885671#t18885671,Gargoyles (TV)
,fenellaevangela,http://yuletide.livejournal.com/1206311.html?thread=18911527#t18911527,Gargoyles (TV)
,Ghostie,http://yuletide.livejournal.com/1206311.html?thread=18906919#t18906919,Gentleman Bastard Sequence - Scott Lynch
,voksen,http://yuletide.livejournal.com/1206311.html?thread=18858535#t18858535,German National Football Team RPF
,calliopes_pen,http://calliopes-pen.dreamwidth.org/918329.html,Ghostbusters (Movies)
,penitence_road,http://yuletide.livejournal.com/1206311.html?thread=18872615#t18872615,Giant Robo
,melmillo,http://yuletide.livejournal.com/1206311.html?thread=18873639#t18873639,Gilda
,Kharasma,http://yuletide.livejournal.com/1206311.html?thread=18913319#t18913319,Girl Meets World
,gloria_scott,http://yuletide.livejournal.com/1206311.html?thread=18874151#t18874151,Gladiator (2000)
,Edonohana,http://rachelmanija.livejournal.com/1160421.html,Glittering Cloud - Imogen Heap (song)
,Edonohana,http://yuletide.livejournal.com/1206311.html?thread=18893863#t18893863,Glittering Cloud - Imogen Heap (song)
,AdaptationDecay,http://yuletide.livejournal.com/1206311.html?thread=18861863#t18861863,Golden Age of Magic RPF
,Vettel,http://brodin.dreamwidth.org/1092.html,Goon (2011)
,specialrhino,http://shifty-gardener.livejournal.com/173281.html,Goon (2011)
,specialrhino,http://yuletide.livejournal.com/1206311.html?thread=18898727#t18898727,Goon (2011)
,Wayfarers,http://yuletide.livejournal.com/1206311.html?thread=18867495#t18867495,Gotham (TV)
,plinys,http://plinys.co.vu/post/100035793945/dear-yuletide-author-2014,Gotham (TV)
,hoktauri,http://yuletide.livejournal.com/1206311.html?thread=18901799#t18901799,Gotham (TV)
,plinys,http://yuletide.livejournal.com/1206311.html?thread=18917159#t18917159,Gotham (TV)
,RecessiveJean,http://recessivejean.livejournal.com/11594.html,Gravity Falls
,RecessiveJean,http://yuletide.livejournal.com/1206311.html?thread=18906151#t18906151,Gravity Falls
,franzeska,http://yuletide.livejournal.com/1206311.html?thread=18862119#t18862119,Grimm (TV)
,liliaeth,http://yuletide.livejournal.com/1206311.html?thread=18916647#t18916647,Grimm (tv)
,Rekall,http://yuletide.livejournal.com/1206311.html?thread=18866983#t18866983,Guardians of the Galaxy (Comics)
,magicasen,http://yuletide.livejournal.com/1206311.html?thread=18887975#t18887975,Guardians of the Galaxy (Comics)
,plinys,http://plinys.co.vu/post/100035793945/dear-yuletide-author-2014,Guardians of the Galaxy (Movies)
,anabel,http://anabelissima.livejournal.com/1032.html,Guardians of the Galaxy (Movies)
,plinys,http://yuletide.livejournal.com/1206311.html?thread=18917159#t18917159,Guardians of the Galaxy (Movies)
,Settiai,http://yuletide.livejournal.com/1206311.html?thread=18885671#t18885671,Gummi Bears (TV)
,TLvop,http://yuletide.livejournal.com/1206311.html?thread=18858791#t18858791,Gunnerkrigg Court
,carolinecrane,http://carolinecrane.tumblr.com/post/99730924503/dear-yuletide-writer,Halloweentown
,carolinecrane,http://yuletide.livejournal.com/1206311.html?thread=18901287#t18901287,Halloweentown (1998)
,Settiai,http://yuletide.livejournal.com/1206311.html?thread=18885671#t18885671,Hand of Isis - Jo Graham
,Nerissa,http://yuletide.livejournal.com/1206311.html?thread=18853159#t18853159,Hansel and Gretel: Witch Hunters (2013)
,kef,http://yuletide.livejournal.com/1206311.html?thread=18887463#t18887463,Hansel and Gretel: Witch Hunters (2013)
,gaialux,http://jalu2.dreamwidth.org/4554.html,Happy Days
,gaialux,http://yuletide.livejournal.com/1206311.html?thread=18894631#t18894631,Happy Days
,cookinguptales,http://yuletide.livejournal.com/1206311.html?thread=18854695#t18854695,Hark! A Vagrant
,APgeeksout,http://yuletide.livejournal.com/1206311.html?thread=18886183#t18886183,Hart of Dixie
,sperrywink,http://sperrywink.dreamwidth.org/316106.html,Haven (TV)
,donutsweeper,http://yuletide.livejournal.com/1206311.html?thread=18854439#t18854439,Heartland (TV)
,empressearwig,http://yuletide.livejournal.com/1206311.html?thread=18885159#t18885159,Heist Society Series - Ally Carter
,SegaBarrett,http://sydpenguinbunny.livejournal.com/205628.html,Hell on Wheels
,SegaBarrett,http://yuletide.livejournal.com/1206311.html?thread=18904359#t18904359,Hell on Wheels
,APgeeksout,http://yuletide.livejournal.com/1206311.html?thread=18886183#t18886183,Hellblazer
,CousinShelley (Cousin Shelley),http://yuletide.livejournal.com/1206311.html?thread=18855719#t18855719,Hemlock Grove
,Citagazze,http://yuletide.livejournal.com/1206311.html?thread=18916391#t18916391,Henry IV - Shakespeare
,bastoni,http://suspended.dreamwidth.org/1460.html,Hercules (2014)
,sadlikeknives,http://yuletide.livejournal.com/1206311.html?thread=18911783#t18911783,Hercules (2014)
,bastoni,http://yuletide.livejournal.com/1206311.html?thread=18923303#t18923303,Hercules (2014)
,cordialcount,http://yuletide.livejournal.com/1206311.html?thread=18863399#t18863399,Hilary Tamar Mysteries - Sarah Caudwell
,fenellaevangela,http://yuletide.livejournal.com/1206311.html?thread=18911527#t18911527,Himalayan Mountain Climbers RPF
,Firerose,http://firerose.dreamwidth.org/9774.html,Hinterland/Y Gwyll
,peevee,http://yuletide.livejournal.com/1206311.html?thread=18860839#t18860839,His Dark Materials - Philip Pullman
,HopefulNebula,http://yuletide.livejournal.com/1206311.html?thread=18866215#t18866215,His Dark Materials - Philip Pullman
,theoldgods,http://yuletide.livejournal.com/1206311.html?thread=18889511#t18889511,His Dark Materials - Philip Pullman
,WildAndFreeHearts,http://yuletide.livejournal.com/1206311.html?thread=18864423#t18864423,Historical Jesters RPF
,judgelinch,http://plaksa-mirtl.tumblr.com/post/99797858609/dear-yuletide-writer,History of Psychoanalysis RPF
,Wayfarers,http://yuletide.livejournal.com/1206311.html?thread=18867495#t18867495,Hobo with a Shotgun (2011)
,spacesleuth,http://yuletide.livejournal.com/1206311.html?thread=18881319#t18881319,Holiday (1938)
,Lizwontcry,http://yuletide.livejournal.com/1206311.html?thread=18885927#t18885927,Homeland
,Kharasma,http://kharamagic.dreamwidth.org/1082.html,Homestar Runner
,Kharasma,http://yuletide.livejournal.com/1206311.html?thread=18913319#t18913319,Homestar Runner
,cookinguptales,http://yuletide.livejournal.com/1206311.html?thread=18854695#t18854695,Hot Fuzz (2007)
,CousinShelley (Cousin Shelley),http://yuletide.livejournal.com/1206311.html?thread=18855719#t18855719,House of Cards (US TV)
,plinys,http://plinys.co.vu/post/100035793945/dear-yuletide-author-2014,How to Get Away with Murder
,plinys,http://yuletide.livejournal.com/1206311.html?thread=18917159#t18917159,How to Get Away with Murder
,JayGreen,http://yuletide.livejournal.com/1206311.html?thread=18917415#t18917415,Hunter x Hunter
,JayGreen,http://xs4i.livejournal.com/584.html,Hunter x Hunter (2011 Anime)
,Rosencrantz,http://yuletide.livejournal.com/1206311.html?thread=18925607#t18925607,I Could series - Francesco Marciuliano (Poetry)
,Rosencrantz,http://yuletide.livejournal.com/1206311.html?thread=18925607#t18925607,I Could series - Francesco Marciuliano (Poetry)
,Morbane,http://morbane.dreamwidth.org/18054.html,I Feel Possessed - Crowded House (Song)
,Morbane,http://yuletide.livejournal.com/1206311.html?thread=18915623#t18915623,I Feel Possessed - Crowded House (Song)
,franzeska,http://yuletide.livejournal.com/1206311.html?thread=18862119#t18862119,I Spy (1965)
,Alixtii,http://yuletide.livejournal.com/1206311.html?thread=18876711#t18876711,Illuminatus! Trilogy - Robert Shea & Robert Anton Wilson
,Hokuto,http://yuletide.livejournal.com/1206311.html?thread=18883879#t18883879,Imperial Radch Series - Ann Leckie
,Ghostie,http://yuletide.livejournal.com/1206311.html?thread=18906919#t18906919,Imperial Radch Series - Ann Leckie
,Susanoo_no_Mikoto,http://yuletide.livejournal.com/1206311.html?thread=18930215#t18930215,Imperial Radch Series - Ann Leckie
,liliaeth,http://yuletide.livejournal.com/1206311.html?thread=18916647#t18916647,In the Flesh
,merryghoul,http://yuletide.livejournal.com/1206311.html?thread=18856743#t18856743,In the Flesh (TV)
,astrokath,http://yuletide.livejournal.com/1206311.html?thread=18863143#t18863143,In the Flesh (TV)
,Sandrine Shaw (Sandrine),http://yuletide.livejournal.com/1206311.html?thread=18924839#t18924839,In the Flesh (TV)
,AdaptationDecay,http://yuletide.livejournal.com/1206311.html?thread=18861863#t18861863,In The Night Garden
,gaialux,http://jalu2.dreamwidth.org/4554.html,Inglourious Basterds (2009)
,gaialux,http://yuletide.livejournal.com/1206311.html?thread=18894631#t18894631,Inglourious Basterds (2009)
,Rekall,http://yuletide.livejournal.com/1206311.html?thread=18866983#t18866983,Inhuman (Comics)
,weasleytook,http://yuletide.livejournal.com/1206311.html?thread=18907431#t18907431,Insidious (Movies)
,Snickfic,http://yuletide.livejournal.com/1206311.html?thread=18862631#t18862631,IT Crowd
,Marks,http://yuletide.livejournal.com/1206311.html?thread=18882087#t18882087,It's Always Sunny in Philadelphia
,Bakcheia,http://yuletide.livejournal.com/1206311.html?thread=18915879#t18915879,J'en suis! (1997)
,who_la_hoop,http://yuletide.livejournal.com/1206311.html?thread=18856999#t18856999,Jaguar British Villians Commercial
,HopefulNebula,http://yuletide.livejournal.com/1206311.html?thread=18866215#t18866215,Jake 2.0
,sonicshambles,http://yuletide.livejournal.com/1206311.html?thread=18860071#t18860071,Jane of Lantern Hill - L.M. Montgomery
,who_la_hoop,http://yuletide.livejournal.com/1206311.html?thread=18856999#t18856999,Jeeves - P.G. Wodehouse
,Melody_Jade,http://yuletide.livejournal.com/1206311.html?thread=18860327#t18860327,Jiàn Yǔ | Reign of Assassins (2010)
,russian_blue,http://yuletide.livejournal.com/1206311.html?thread=18871079#t18871079,Jidaigeki X-Men
,prodigy,http://yuletide.livejournal.com/1206311.html?thread=18920231#t18920231,Johannes Cabal - Jonathan L. Howard
,mk_tortie,http://yuletide.livejournal.com/1206311.html?thread=18868263#t18868263,Journey (Video Game 2012)
,yaseanne,http://yuletide.livejournal.com/1206311.html?thread=18853415#t18853415,Jurassic Park (Movies)
,plinys,http://plinys.co.vu/post/100035793945/dear-yuletide-author-2014,Jurassic Park (Movies)
,hoktauri,http://yuletide.livejournal.com/1206311.html?thread=18901799#t18901799,Jurassic Park (Movies)
,plinys,http://yuletide.livejournal.com/1206311.html?thread=18917159#t18917159,Jurassic Park (Movies)
,Mithrigil,http://yuletide.livejournal.com/1206311.html?thread=18905895#t18905895,Juuni Kokki | Twelve Kingdoms
,yhlee (etothey),http://yuletide.livejournal.com/1206311.html?thread=18899239#t18899239,Kaleidoscope Century - John Barnes
,oryx,http://yuletide.livejournal.com/1206311.html?thread=18888999#t18888999,Kamen Rider 555
,oryx,http://yuletide.livejournal.com/1206311.html?thread=18888999#t18888999,Kamen Rider Den-o
,Settiai,http://yuletide.livejournal.com/1206311.html?thread=18885671#t18885671,Kara: a PS3 new technology
,bastoni,http://yuletide.livejournal.com/1206311.html?thread=18923303#t18923303,Keen Edddie
,bastoni,http://suspended.dreamwidth.org/1460.html,Keen Eddie
,Edonohana,http://rachelmanija.livejournal.com/1160421.html,Ki and Vandien Quartet - Megan Lindholm
,Edonohana,http://yuletide.livejournal.com/1206311.html?thread=18893863#t18893863,Ki and Vandien Quartet - Megan Lindholm
,magicasen,http://yuletide.livejournal.com/1206311.html?thread=18887975#t18887975,Kill la Kill
,radialarch,http://yuletide.livejournal.com/1206311.html?thread=18861351#t18861351,Kings (TV 2009)
,plinys,http://plinys.co.vu/post/100035793945/dear-yuletide-author-2014,Kings (TV 2009)
,plinys,http://yuletide.livejournal.com/1206311.html?thread=18917159#t18917159,Kings (TV 2009)
,Morbane,http://morbane.dreamwidth.org/18054.html,Kisa the Cat (Brown Fairy Book - Andrew Lang)
,Morbane,http://yuletide.livejournal.com/1206311.html?thread=18915623#t18915623,Kisa the Cat (Brown Fairy Book - Andrew Lang)
,Snickfic,http://yuletide.livejournal.com/1206311.html?thread=18862631#t18862631,Kraken - China Mieville
,penitence_road,http://yuletide.livejournal.com/1206311.html?thread=18872615#t18872615,Kurosagi Shitai Takuhaibin | Kurosagi Corpse Delivery Service
,Edonohana,http://rachelmanija.livejournal.com/1160421.html,Kushiel's Legacy - Jacqueline Carey
,Edonohana,http://yuletide.livejournal.com/1206311.html?thread=18893863#t18893863,Kushiel's Legacy - Jacqueline Carey
,who_la_hoop,http://yuletide.livejournal.com/1206311.html?thread=18856999#t18856999,La Belle et la Bête | Beauty and the Beast
,ruuger,http://yuletide.livejournal.com/1206311.html?thread=18888743#t18888743,Land of the Dead (2005)
,kissoffools,http://yuletide.livejournal.com/1206311.html?thread=18862887#t18862887,Last 5 Years - Brown
,kindkit,http://yuletide.livejournal.com/1206311.html?thread=18901031#t18901031,Laundry - Charles Stross
,Fells,http://yuletide.livejournal.com/1206311.html?thread=18864935#t18864935,Legacy of Kain
,calliopes_pen,http://calliopes-pen.dreamwidth.org/918329.html,Legend (1985)
,Fabrisse,http://yuletide.livejournal.com/1206311.html?thread=18870567#t18870567,Legion of Extraordinary Dancers
,CousinShelley (Cousin Shelley),http://yuletide.livejournal.com/1206311.html?thread=18855719#t18855719,Legit (TV 2013)
,zeen,http://yuletide.livejournal.com/1206311.html?thread=18859815#t18859815,Leopold and Loeb RPF
,voksen,http://yuletide.livejournal.com/1206311.html?thread=18858535#t18858535,Les Misérables (Dallas 2014)
,TeaRoses,http://yuletide.livejournal.com/1206311.html?thread=18917927#t18917927,Les Revenants|The Returned (TV)
,anabel,http://anabelissima.livejournal.com/1032.html,Lesbian Royalty RPF
,Krityan,http://yuletide.livejournal.com/1206311.html?thread=18870055#t18870055,Leviathan - Scott Westerfeld
,Quillori,http://yuletide.livejournal.com/1206311.html?thread=18852903#t18852903,Liáo zhâi zhì yì | Strange Tales from a Chinese Studio - Pú Sônglíng
,nausicaa,http://yuletide.livejournal.com/1206311.html?thread=18859559#t18859559,Lighthouse - Hush Sound (Song)
,lillypillylies,http://lillypilly.dreamwidth.org/721.html,Location Location Location RPF
,sevenofspade,http://dhampyresa.dreamwidth.org/50233.html,Locke & Key
,sevenofspade,http://yuletide.livejournal.com/1206311.html?thread=18893607#t18893607,Locke & Key
,jaegecko,http://yuletide.livejournal.com/1206311.html?thread=18867239#t18867239,Lone Star (TV)
,melmillo,http://yuletide.livejournal.com/1206311.html?thread=18873639#t18873639,Long Live the Queen
,toucanpie,http://yuletide.livejournal.com/1206311.html?thread=18900519#t18900519,Looking (TV)
,novelized,http://yuletide.livejournal.com/1206311.html?thread=18922535#t18922535,Looking (TV)
,anabel,http://anabelissima.livejournal.com/1032.html,Lord Peter Wimsey - Dorothy L. Sayers
,turtlebook,http://turtlebook.livejournal.com/625.html,Lost in Space (1998)
,aurilly,http://yuletide.livejournal.com/1206311.html?thread=18878503#t18878503,Lymond Chronicles - Dorothy Dunnett
,prodigy,http://yuletide.livejournal.com/1206311.html?thread=18920231#t18920231,Lymond Chronicles - Dorothy Dunnett
,Fells,http://yuletide.livejournal.com/1206311.html?thread=18864935#t18864935,Magic: The Gathering
,gloria_scott,http://yuletide.livejournal.com/1206311.html?thread=18874151#t18874151,Maleficent (2014)
,fenellaevangela,http://yuletide.livejournal.com/1206311.html?thread=18911527#t18911527,Maleficent (2014)
,AdaptationDecay,http://yuletide.livejournal.com/1206311.html?thread=18861863#t18861863,Malory Towers - Enid Blyton
,jedi_penguin,http://yuletide.livejournal.com/1206311.html?thread=18875687#t18875687,"Mandatory Fun - ""Weird Al"" Yankovic (album)"
,Hokuto,http://yuletide.livejournal.com/1206311.html?thread=18883879#t18883879,Marathon (Computer Games)
,warriorpoet,http://yuletide.livejournal.com/1206311.html?thread=18896679#t18896679,Marilyn Monroe Productions RPF
,JayGreen,http://xs4i.livejournal.com/584.html,Marvel Ultimates
,JayGreen,http://yuletide.livejournal.com/1206311.html?thread=18917415#t18917415,Marvel Ultimates
,Naraht,http://naraht.dreamwidth.org/580403.html,Mary Renault RPF
,Sandrine Shaw (Sandrine),http://yuletide.livejournal.com/1206311.html?thread=18924839#t18924839,Matador (TV 2014)
,zeen,http://yuletide.livejournal.com/1206311.html?thread=18859815#t18859815,Maurice - E. M. Forster
,gloria_scott,http://yuletide.livejournal.com/1206311.html?thread=18874151#t18874151,Medieval Land Fun-Time World (Video)
,mpatientdreamr,http://yuletide.livejournal.com/1206311.html?thread=18880039#t18880039,Mercy Thompson series- Patricia Briggs
,Alby_Mangroves,http://yuletide.livejournal.com/1206311.html?thread=18889255#t18889255,Merlin (TV) RPF
,Alby_Mangroves,http://yuletide.livejournal.com/1206311.html?thread=18889255#t18889255,Millennium Trilogy - Stieg Larsson
,And_Dream_Of_Erebor,http://yuletide.livejournal.com/1206311.html?thread=18874663#t18874663,Miranda (TV)
,Zhailei,http://amathela.livejournal.com/274262.html,Mis Match
,thecarlysutra,http://yuletide.livejournal.com/1206311.html?thread=18891047#t18891047,Misfits
,blueteak,http://yuletide.livejournal.com/1206311.html?thread=18868519#t18868519,Miss Fisher's Murder Mysteries
,mpatientdreamr,http://yuletide.livejournal.com/1206311.html?thread=18880039#t18880039,Miss Fisher's Murder Mysteries
,anabel,http://anabelissima.livejournal.com/1032.html,Miss Marple - Agatha Christie
,Zhailei,http://yuletide.livejournal.com/1206311.html?thread=18903079#t18903079,Miss Match
,linndechir,http://linndechir.livejournal.com/55968.html,Mob City
,linndechir,http://yuletide.livejournal.com/1206311.html?thread=18878759#t18878759,Mob City
,calliopes_pen,http://calliopes-pen.dreamwidth.org/918329.html,Mockingbird Lane
,leobrat,http://yuletide.livejournal.com/1206311.html?thread=18911015#t18911015,Mockumentaries by Chris Lilley
,Edonohana,http://rachelmanija.livejournal.com/1160421.html,Modesty Blaise - Peter O'Donnell
,Edonohana,http://yuletide.livejournal.com/1206311.html?thread=18893863#t18893863,Modesty Blaise - Peter O'Donnell
,Krityan,http://yuletide.livejournal.com/1206311.html?thread=18870055#t18870055,Monster Hunter (Video Games)
,slr2moons,http://slr2moons.dreamwidth.org/196518.html,Mrs. Todd's Shortcut - Stephen King
,slr2moons,http://yuletide.livejournal.com/1206311.html?thread=18909479#t18909479,Mrs. Todd's Shortcut - Stephen King
,kef,http://yuletide.livejournal.com/1206311.html?thread=18887463#t18887463,Much Ado About Nothing - Shakespeare
,Ghostie,http://yuletide.livejournal.com/1206311.html?thread=18906919#t18906919,Mulan
,Croik,http://croik.livejournal.com/125314.html,Muramasa: The Demon Blade
,novelized,http://yuletide.livejournal.com/1206311.html?thread=18922535#t18922535,My Heartbeat - Garret Freymann-Weyr
,Lizwontcry,http://yuletide.livejournal.com/1206311.html?thread=18885927#t18885927,My So-Called Life
,RecessiveJean,http://recessivejean.livejournal.com/11594.html,Nancy Drew — Carolyn Keene
,RecessiveJean,http://yuletide.livejournal.com/1206311.html?thread=18906151#t18906151,Nancy Drew — Carolyn Keene
,Citagazze,http://yuletide.livejournal.com/1206311.html?thread=18916391#t18916391,"Natasha, Pierre, and the Great Comet of 1812 - Malloy"
,weasleytook,http://yuletide.livejournal.com/1206311.html?thread=18907431#t18907431,National Treasure Series
,polkadot,http://yuletide.livejournal.com/1206311.html?thread=18877735#t18877735,Necromancer Chronicles - Amanda Downum
,kissoffools,http://yuletide.livejournal.com/1206311.html?thread=18862887#t18862887,Neighbors (2014)
,donutsweeper,http://yuletide.livejournal.com/1206311.html?thread=18854439#t18854439,Nero Wolfe - Rex Stout
,gaialux,http://jalu2.dreamwidth.org/4554.html,Never Tear Us Apart: The Untold Story Of INXS (2014)
,gaialux,http://yuletide.livejournal.com/1206311.html?thread=18894631#t18894631,Never Tear Us Apart: The Untold Story of INXS (2014)
,Nerissa,http://yuletide.livejournal.com/1206311.html?thread=18853159#t18853159,Newsflesh Trilogy - Mira Grant
,Heart_of_Targness,http://yuletide.livejournal.com/1206311.html?thread=18908711#t18908711,Ni no Kuni
,Zhailei,http://amathela.livejournal.com/274262.html,Nightwing (Comics)
,Zhailei,http://yuletide.livejournal.com/1206311.html?thread=18903079#t18903079,Nightwing (Comics)
,merryghoul,http://yuletide.livejournal.com/1206311.html?thread=18856743#t18856743,"Nike ""The Last Game"" Commercial"
,perdiccas,http://perdiccas.livejournal.com/567462.html,Nikita (TV 2010)
,perdiccas,http://yuletide.livejournal.com/1206311.html?thread=18916903#t18916903,Nikita (TV 2010)
,Lillian,http://yuletide.livejournal.com/1206311.html?thread=18902823#t18902823,Nobunaga Concerto (Anime & Manga)
,angharad_crewe,http://angharad-crewe.livejournal.com/1027.html,Non je ne regrette rien - Edith Piaf (Song)
,who_la_hoop,http://yuletide.livejournal.com/1206311.html?thread=18856999#t18856999,Norse Religion and Lore
,WildAndFreeHearts,http://yuletide.livejournal.com/1206311.html?thread=18864423#t18864423,Norse Religion and Lore
,hiddencait,http://yuletide.livejournal.com/1206311.html?thread=18888231#t18888231,North and South - Elizabeth Gaskell | UK TV
,Icepixie,http://icepixie.dreamwidth.org/955254.html,Northern Exposure
,icepixie,http://yuletide.livejournal.com/1206311.html?thread=18930471#t18930471,Northern Exposure
,APgeeksout,http://yuletide.livejournal.com/1206311.html?thread=18886183#t18886183,NXT
,NightsMistress,http://batman.dreamwidth.org/16577.html,Old Kingdom
,boosette,http://boosette.livejournal.com/1428307.html,Old Kingdom - Garth Nix
,NightsMistress,http://yuletide.livejournal.com/1206311.html?thread=18888487#t18888487,Old Kingdom - Garth Nix
,Nerissa,http://yuletide.livejournal.com/1206311.html?thread=18853159#t18853159,On the Run - Gordon Korman
,Heart_of_Targness,http://yuletide.livejournal.com/1206311.html?thread=18908711#t18908711,On Your Mark (Music Video)
,skazka,http://yuletide.livejournal.com/1206311.html?thread=18869031#t18869031,Only Lovers Left Alive (2013)
,theoldgods,http://yuletide.livejournal.com/1206311.html?thread=18889511#t18889511,Orphan Black (TV)
,botherd,http://yuletide.livejournal.com/1206311.html?thread=18897191#t18897191,Orphan Black (TV)
,kissoffools,http://yuletide.livejournal.com/1206311.html?thread=18862887#t18862887,Orphan Black RPF
,botherd,http://yuletide.livejournal.com/1206311.html?thread=18897191#t18897191,Orphan Black RPF
,fenellaevangela,http://yuletide.livejournal.com/1206311.html?thread=18911527#t18911527,Orphan Black RPF
,Mithen,http://yuletide.livejournal.com/1206311.html?thread=18925351#t18925351,Otoyomegatari | The Bride's Stories
,empressearwig,http://yuletide.livejournal.com/1206311.html?thread=18885159#t18885159,Outlander RPF
,Anndy,http://yuletide.livejournal.com/1206311.html?thread=18874919#t18874919,Outlander Series - Diana Gabaldon
,Bond_Girl,http://yuletide.livejournal.com/1206311.html?thread=18867751#t18867751,Pacific Rim (2013) RPF
,Themistoklis,http://yuletide.livejournal.com/1206311.html?thread=18903591#t18903591,Page 23 (2011)
,shewhoguards,http://googlebrat.livejournal.com/646442.html,Pandemic (Board Game)
,HopefulNebula,http://yuletide.livejournal.com/1206311.html?thread=18866215#t18866215,ParaNorman (2012)
,spock,http://yuletide.livejournal.com/1206311.html?thread=18862375#t18862375,"Paris, je t'aime (2006)"
,JayGreen,http://xs4i.livejournal.com/584.html,Parks & Recreation
,Doyle,http://yuletide.livejournal.com/1206311.html?thread=18877991#t18877991,Parks and Recreation
,Settiai,http://yuletide.livejournal.com/1206311.html?thread=18885671#t18885671,Peacemakers (2003)
,originally,http://yuletide.livejournal.com/1206311.html?thread=18871591#t18871591,Peaky Blinders (TV)
,lonelywalker,http://yuletide.livejournal.com/1206311.html?thread=18860583#t18860583,Penny Dreadful
,redsnake05,http://redsnake05.dreamwidth.org/262027.html,Penny Dreadful
,spock,http://yuletide.livejournal.com/1206311.html?thread=18862375#t18862375,Penny Dreadful (TV)
,devilinacardigan,http://yuletide.livejournal.com/1206311.html?thread=18866471#t18866471,Penny Dreadful (TV)
,originally,http://yuletide.livejournal.com/1206311.html?thread=18871591#t18871591,Penny Dreadful (TV)
,mk_tortie,http://yuletide.livejournal.com/1206311.html?thread=18868263#t18868263,Persona 3
,prosodiical,http://prosodiical.livejournal.com/14432.html,Persona 3
,prosodiical,http://yuletide.livejournal.com/1206311.html?thread=18928167#t18928167,Persona 3
,MadameHardy,http://yuletide.livejournal.com/1206311.html?thread=18896167#t18896167,Peter Capaldi's Eyebrows Anthropomorfic
,Snickfic,http://yuletide.livejournal.com/1206311.html?thread=18862631#t18862631,Pittsburg Penguins - RPF
,TeaRoses,http://yuletide.livejournal.com/1206311.html?thread=18917927#t18917927,Pokemon Mystery Dungeon
,raspberryhunter,http://yuletide.livejournal.com/1206311.html?thread=18865959#t18865959,Preiddeu Annwn | The Spoils of Annwn (Poem)
,Bakcheia,http://yuletide.livejournal.com/1206311.html?thread=18915879#t18915879,Princess Bride (1987)
,spacesleuth,http://yuletide.livejournal.com/1206311.html?thread=18881319#t18881319,Prinsessen i kisten | The Princess in the Coffin
,Abstractconcept,http://yuletide.livejournal.com/1206311.html?thread=18866727#t18866727,Project Runway RPF
,aurilly,http://yuletide.livejournal.com/1206311.html?thread=18878503#t18878503,Psmith - P. G. Wodehouse
,Magisterequitum,http://yuletide.livejournal.com/1206311.html?thread=18861095#t18861095,Psy-Changeling - Nalini Singh
,empressearwig,http://yuletide.livejournal.com/1206311.html?thread=18885159#t18885159,Psy-Changeling - Nalini Singh
,Sonni89,http://yuletide.livejournal.com/1206311.html?thread=18886951#t18886951,Psy-Changeling - Nalini Singh
,rosaxx50,http://yuletide.livejournal.com/1206311.html?thread=18900775#t18900775,Psy-Changeling - Nalini Singh
,Anndy,http://yuletide.livejournal.com/1206311.html?thread=18874919#t18874919,Punic Wars RPF
,sevenofspade,http://dhampyresa.dreamwidth.org/50233.html,Punic Wars RPF
,sevenofspade,http://yuletide.livejournal.com/1206311.html?thread=18893607#t18893607,Punic Wars RPF
,Naraht,http://naraht.dreamwidth.org/580403.html,Purposes of Love - Mary Renault
,camelonajourney,http://yuletide.livejournal.com/1206311.html?thread=18921511#t18921511,Pushing Daisies
,Kivrin,http://yuletide.livejournal.com/1206311.html?thread=18875175#t18875175,QI RPF
,jaclynhyde,http://yuletide.livejournal.com/1206311.html?thread=18909991#t18909991,Quadrail Series – Timothy Zahn
,WickedWonder,http://wickedwonder1.livejournal.com/72695.html,Questionable Content
,galerian_ash,http://yuletide.livejournal.com/1206311.html?thread=18884391#t18884391,Rambo Series (Movies)
,possibilityleft,http://yuletide.livejournal.com/1206311.html?thread=18918183#t18918183,Rat Queens
,gonergone,http://gonergone.dreamwidth.org/63890.html,Raven Cycle - Maggie Stiefvater
,Marks,http://yuletide.livejournal.com/1206311.html?thread=18882087#t18882087,Raven Cycle - Maggie Stiefvater
,gonergone,http://yuletide.livejournal.com/1206311.html?thread=18881575#t18881575,Raven Cycle - Maggie Stiefvater
,sadlikeknives,http://yuletide.livejournal.com/1206311.html?thread=18911783#t18911783,Real Madrid RPF
,Alixtii,http://yuletide.livejournal.com/1206311.html?thread=18876711#t18876711,Rebecca of Sunnybrook Farm - Kate Douglas Wiggin
,carolinecrane,http://carolinecrane.tumblr.com/post/99730924503/dear-yuletide-writer,Redshirts -- John Scalzi
,carolinecrane,http://yuletide.livejournal.com/1206311.html?thread=18901287#t18901287,Redshirts -- John Scalzi
,disenchanted,http://yuletide.livejournal.com/1206311.html?thread=18863655#t18863655,Regeneration - Pat Barker
,prodigy,http://yuletide.livejournal.com/1206311.html?thread=18920231#t18920231,Regeneration - Pat Barker
,leobrat,http://yuletide.livejournal.com/1206311.html?thread=18911015#t18911015,Reign (TV Series)
,Rosencrantz,http://yuletide.livejournal.com/1206311.html?thread=18925607#t18925607,Research Institute (Lego)
,thefourthvine,http://yuletide.livejournal.com/1206311.html?thread=18921767#t18921767,Retired Basketball Player RPF
,Naraht,http://naraht.dreamwidth.org/580403.html,Return to Night - Mary Renault
,rosaxx50,http://yuletide.livejournal.com/1206311.html?thread=18900775#t18900775,Riddle-Master Trilogy - Patricia A. McKillip
,originally,http://yuletide.livejournal.com/1206311.html?thread=18871591#t18871591,Ripper Street
,notkingyet,http://yuletide.livejournal.com/1206311.html?thread=18915367#t18915367,Ripper Street
,originally,http://yuletide.livejournal.com/1206311.html?thread=18871591#t18871591,Rivers of London - Ben Aaronovitch
,linndechir,http://yuletide.livejournal.com/1206311.html?thread=18878759#t18878759,Rivers of London - Ben Aaronovitch
,Sath,http://yuletide.livejournal.com/1206311.html?thread=18861607#t18861607,Robot Series - Isaac Asimov
,Susanoo_no_Mikoto,http://yuletide.livejournal.com/1206311.html?thread=18930215#t18930215,Robot Series - Isaac Asimov
,Icepixie,http://icepixie.dreamwidth.org/955254.html,Robson Arms
,icepixie,http://yuletide.livejournal.com/1206311.html?thread=18930471#t18930471,Robson Arms
,Lizwontcry,http://yuletide.livejournal.com/1206311.html?thread=18885927#t18885927,Rock of Ages
,slr2moons,http://slr2moons.dreamwidth.org/196518.html,Rock of Ages (2012)
,slr2moons,http://yuletide.livejournal.com/1206311.html?thread=18909479#t18909479,Rock of Ages (2012)
,Vettel,http://brodin.dreamwidth.org/1092.html,RocknRolla (2008)
,Anndy,http://yuletide.livejournal.com/1206311.html?thread=18874919#t18874919,Rome
,Susanoo_no_Mikoto,http://yuletide.livejournal.com/1206311.html?thread=18930215#t18930215,Rómeó és Júlia (Színház)
,polkadot,http://yuletide.livejournal.com/1206311.html?thread=18877735#t18877735,Rosemary and Thyme
,Nerissa,http://yuletide.livejournal.com/1206311.html?thread=18853159#t18853159,Round and Round - Selena Gomez Music Video
,youjik33,http://yuletide.livejournal.com/1206311.html?thread=18873127#t18873127,Royal Tenenbaums (2001)
,lillypillylies,http://lillypilly.dreamwidth.org/721.html,Running Man RPF
,peevee,http://yuletide.livejournal.com/1206311.html?thread=18860839#t18860839,Rush (2013)
,mk_tortie,http://yuletide.livejournal.com/1206311.html?thread=18868263#t18868263,Sabrina the Teenage Witch (TV)
,Snickfic,http://yuletide.livejournal.com/1206311.html?thread=18862631#t18862631,Saga (Comics)
,perdiccas,http://perdiccas.livejournal.com/567462.html,Salem (TV)
,perdiccas,http://yuletide.livejournal.com/1206311.html?thread=18916903#t18916903,Salem (TV)
,Croik,http://croik.livejournal.com/125314.html,Samurai Warriors
,carolinecrane,http://carolinecrane.tumblr.com/post/99730924503/dear-yuletide-writer,Santa Claus: The Movie
,carolinecrane,http://yuletide.livejournal.com/1206311.html?thread=18901287#t18901287,Santa Claus: The Movie (1985)
,Croik,http://croik.livejournal.com/125314.html,Sarai-ya Goyou | House of Five Leaves
,slr2moons,http://slr2moons.dreamwidth.org/196518.html,Sarai-ya Goyou | House of Five Leaves
,slr2moons,http://yuletide.livejournal.com/1206311.html?thread=18909479#t18909479,Sarai-ya Goyou | House of Five Leaves
,possibilityleft,http://yuletide.livejournal.com/1206311.html?thread=18918183#t18918183,SAYER (Podcast)
,merryghoul,http://yuletide.livejournal.com/1206311.html?thread=18856743#t18856743,Scandal (TV)
,TheFierceBeast,http://thefiercebeast.livejournal.com/743.html,Scaramouche - Rafael Sabatini
,TheFierceBeast,http://yuletide.livejournal.com/1206311.html?thread=18924583#t18924583,Scaramouche - Rafael Sabatini
,nausicaa,http://yuletide.livejournal.com/1206311.html?thread=18859559#t18859559,Scooby Doo! Mystery Incorporated (TV 2010)
,possibilityleft,http://yuletide.livejournal.com/1206311.html?thread=18918183#t18918183,Scooby Doo! Mystery Incorporated (TV 2010)
,Themistoklis,http://yuletide.livejournal.com/1206311.html?thread=18903591#t18903591,SCP Foundation
,debirlfan,http://yuletide.livejournal.com/1206311.html?thread=18919719#t18919719,SCP Foundation
,Rekall,http://yuletide.livejournal.com/1206311.html?thread=18866983#t18866983,Secret Avengers
,notkingyet,http://yuletide.livejournal.com/1206311.html?thread=18915367#t18915367,Secret Diary of a Call Girl
,gonergone,http://yuletide.livejournal.com/1206311.html?thread=18881575#t18881575,Secret History - Donna Tartt
,russian_blue,http://yuletide.livejournal.com/1206311.html?thread=18871079#t18871079,Sengoku Avengers
,Croik,http://croik.livejournal.com/125314.html,Sengoku Basara
,judgelinch,http://plaksa-mirtl.tumblr.com/post/99797858609/dear-yuletide-writer,Sengoku Basara
,angharad_crewe,http://angharad-crewe.livejournal.com/1027.html,Sense and Sensibility - Jane Austen
,turtlebook,http://turtlebook.livejournal.com/625.html,Seven Brides for Seven Brothers (1954)
,vintar,http://yuletide.livejournal.com/1206311.html?thread=18920999#t18920999,Shadow Warrior (Video Game 2013)
,melmillo,http://yuletide.livejournal.com/1206311.html?thread=18873639#t18873639,Shadowrun: Dragonfall
,Firerose,http://firerose.dreamwidth.org/9774.html,Sharing Knife - Lois McMaster Bujold
,robot_jesus,http://yuletide.livejournal.com/1206311.html?thread=18855975#t18855975,She-Ra: Princess of Power
,fairy_flies,http://yuletide.livejournal.com/1206311.html?thread=18858023#t18858023,She-Ra: Princess of Power
,Hokuto,http://yuletide.livejournal.com/1206311.html?thread=18883879#t18883879,Shoujo Kakumei Utena | Revolutionary Girl Utena
,alliterate,http://yuletide.livejournal.com/1206311.html?thread=18859303#t18859303,Sirens (TV 2014)
,Vettel,http://brodin.dreamwidth.org/1092.html,Skins (UK)
,Morbane,http://morbane.dreamwidth.org/18054.html,Sleeping Beauty (1959)
,Morbane,http://yuletide.livejournal.com/1206311.html?thread=18915623#t18915623,Sleeping Beauty (1959)
,CousinShelley (Cousin Shelley),http://yuletide.livejournal.com/1206311.html?thread=18855719#t18855719,Sleepy Hollow (TV)
,havetohowl,http://yuletide.livejournal.com/1206311.html?thread=18868007#t18868007,Sleepy Hollow (TV)
,calliopes_pen,http://calliopes-pen.dreamwidth.org/918329.html,Sleepy Hollow (TV)
,Mithrigil,http://yuletide.livejournal.com/1206311.html?thread=18905895#t18905895,Sleepy Hollow (TV)
,penitence_road,http://yuletide.livejournal.com/1206311.html?thread=18872615#t18872615,Small Gods - Terry Pratchett
,novelized,http://yuletide.livejournal.com/1206311.html?thread=18922535#t18922535,Smash (TV)
,ruuger,http://yuletide.livejournal.com/1206311.html?thread=18888743#t18888743,Smith (US TV)
,franzeska,http://yuletide.livejournal.com/1206311.html?thread=18862119#t18862119,Smoke Signals (1998)
,gloria_scott,http://yuletide.livejournal.com/1206311.html?thread=18874151#t18874151,Snowpiercer (2013)
,Shorina,http://yuletide.livejournal.com/1206311.html?thread=18923815#t18923815,SOKO Donau | SOKO Wien
,russian_blue,http://yuletide.livejournal.com/1206311.html?thread=18871079#t18871079,Songs for a New World
,betony,http://betony.dreamwidth.org/4950.html,Sovay (Traditional Song)
,betony,http://yuletide.livejournal.com/1206311.html?thread=18910247#t18910247,Sovay (Traditional Song)
,sevenofspade,http://dhampyresa.dreamwidth.org/50233.html,Spider-Man (Ultimateverse)
,sevenofspade,http://yuletide.livejournal.com/1206311.html?thread=18893607#t18893607,Spider-Man (Ultimateverse)
,liliaeth,http://yuletide.livejournal.com/1206311.html?thread=18916647#t18916647,Spider-Man (Ultimateverse)
,Sonni89,http://yuletide.livejournal.com/1206311.html?thread=18886951#t18886951,Sports Night
,astrokath,http://yuletide.livejournal.com/1206311.html?thread=18863143#t18863143,STÅLENHAG Simon - Works
,jaclynhyde,http://yuletide.livejournal.com/1206311.html?thread=18909991#t18909991,Star Wars: Outbound Flight - Timothy Zahn
,judgelinch,http://plaksa-mirtl.tumblr.com/post/99797858609/dear-yuletide-writer,Star Wars: The Clone Wars (TV 2008)
,jaclynhyde,http://yuletide.livejournal.com/1206311.html?thread=18909991#t18909991,Star Wars: Thrawn Trilogy – Timothy Zahn
,leobrat,http://yuletide.livejournal.com/1206311.html?thread=18911015#t18911015,Star-Crossed (TV Series)
,yhlee (etothey),http://yuletide.livejournal.com/1206311.html?thread=18899239#t18899239,Steve Jackson's Sorcery! - Steve Jackson
,Wasuremono,http://yuletide.livejournal.com/1206311.html?thread=18924071#t18924071,Steve Jackson's Sorcery! - Steve Jackson
,Fells,http://yuletide.livejournal.com/1206311.html?thread=18864935#t18864935,Steven Erikson - Malazan Book of the Fallen
,Doranwen,http://yuletide.livejournal.com/1206311.html?thread=18856231#t18856231,Stick It (2006)
,TheFierceBeast,http://thefiercebeast.livejournal.com/743.html,Stockholm Syndrome - Richard Rider
,TheFierceBeast,http://yuletide.livejournal.com/1206311.html?thread=18924583#t18924583,Stockholm Syndrome - Richard Rider
,ruuger,http://yuletide.livejournal.com/1206311.html?thread=18888743#t18888743,Strange Days (1995)
,nausicaa,http://yuletide.livejournal.com/1206311.html?thread=18859559#t18859559,Strange Frame: Love & Sax (2012)
,rubylily,http://yuletide.livejournal.com/1206311.html?thread=18897703#t18897703,Stray Little Devil
,Doranwen,http://yuletide.livejournal.com/1206311.html?thread=18856231#t18856231,Sue Thomas: F.B.Eye
,specialrhino,http://shifty-gardener.livejournal.com/173281.html,Sungkyunkwan Scandal
,specialrhino,http://yuletide.livejournal.com/1206311.html?thread=18898727#t18898727,Sungkyunkwan Scandal
,NightsMistress,http://batman.dreamwidth.org/16577.html,Super Dangan Ronpa 2
,NightsMistress,http://yuletide.livejournal.com/1206311.html?thread=18888487#t18888487,Super Dangan Ronpa 2
,cordialcount,http://yuletide.livejournal.com/1206311.html?thread=18863399#t18863399,Takeshi Kovacs Trilogy - Richard Morgan
,Edonohana,http://rachelmanija.livejournal.com/1160421.html,Tale of the Five series - Diane Duane
,Edonohana,http://yuletide.livejournal.com/1206311.html?thread=18893863#t18893863,Tale of the Five series - Diane Duane
,originally,http://yuletide.livejournal.com/1206311.html?thread=18871591#t18871591,Tales of Dunk and Egg - George R. R. Martin
,NightsMistress,http://batman.dreamwidth.org/16577.html,Tales of Xillia
,NightsMistress,http://yuletide.livejournal.com/1206311.html?thread=18888487#t18888487,Tales of Xillia
,havetohowl,http://yuletide.livejournal.com/1206311.html?thread=18868007#t18868007,Teen Wolf (TV) RPF
,hoktauri,http://yuletide.livejournal.com/1206311.html?thread=18901799#t18901799,Teen Wolf (TV) RPF
,silkstocking,http://yuletide.livejournal.com/1206311.html?thread=18895911#t18895911,Teen Wolf RPF
,spock,http://yuletide.livejournal.com/1206311.html?thread=18862375#t18862375,Tennis RPF
,polkadot,http://yuletide.livejournal.com/1206311.html?thread=18877735#t18877735,Tennis RPF
,gaialux,http://jalu2.dreamwidth.org/4554.html,Tennis RPF
,anabel,http://anabelissima.livejournal.com/1032.html,Tennis RPF
,gaialux,http://yuletide.livejournal.com/1206311.html?thread=18894631#t18894631,Tennis RPF
,lillypillylies,http://lillypilly.dreamwidth.org/721.html,Tesshi-e Room Escape Games
,Alixtii,http://yuletide.livejournal.com/1206311.html?thread=18876711#t18876711,That Guy with the Glasses/Channel Awesome
,alliterate,http://yuletide.livejournal.com/1206311.html?thread=18859303#t18859303,The 100 (TV)
,Magisterequitum,http://yuletide.livejournal.com/1206311.html?thread=18861095#t18861095,The 100 (TV)
,WildAndFreeHearts,http://yuletide.livejournal.com/1206311.html?thread=18864423#t18864423,The Addams Family (1991)
,theoldgods,http://yuletide.livejournal.com/1206311.html?thread=18889511#t18889511,The Americans (TV 2013)
,lonelywalker,http://yuletide.livejournal.com/1206311.html?thread=18860583#t18860583,The Art of Fielding - Chad Harbach
,Rekall,http://yuletide.livejournal.com/1206311.html?thread=18866983#t18866983,The Authority
,bastoni,http://suspended.dreamwidth.org/1460.html,The Authority
,bastoni,http://yuletide.livejournal.com/1206311.html?thread=18923303#t18923303,The Authority
,Lizwontcry,http://yuletide.livejournal.com/1206311.html?thread=18885927#t18885927,The Baby-Sitters Club
,donutsweeper,http://yuletide.livejournal.com/1206311.html?thread=18854439#t18854439,The Big Valley
,CousinShelley (Cousin Shelley),http://yuletide.livejournal.com/1206311.html?thread=18855719#t18855719,The Blacklist (TV)
,merryghoul,http://yuletide.livejournal.com/1206311.html?thread=18856743#t18856743,The Blacklist (TV)
,havetohowl,http://yuletide.livejournal.com/1206311.html?thread=18868007#t18868007,The Blacklist (TV)
,Doyle,http://yuletide.livejournal.com/1206311.html?thread=18877991#t18877991,The Brady Bunch Movie (1995)
,sperrywink,http://sperrywink.dreamwidth.org/316106.html,The Breakfast Club (1985)
,hiddencait,http://yuletide.livejournal.com/1206311.html?thread=18888231#t18888231,The Cape (2011)
,Abstractconcept,http://yuletide.livejournal.com/1206311.html?thread=18866727#t18866727,The Cat Who
,zeen,http://yuletide.livejournal.com/1206311.html?thread=18859815#t18859815,The Charioteer - Mary Renault
,Naraht,http://naraht.dreamwidth.org/580403.html,The Charioteer - Mary Renault
,shewhoguards,http://googlebrat.livejournal.com/646442.html,The Chronicles of Chrestomanci - Diana Wynne Jones
,RecessiveJean,http://recessivejean.livejournal.com/11594.html,The Chronicles of Chrestomanci — Diana Wynne Jones
,RecessiveJean,http://yuletide.livejournal.com/1206311.html?thread=18906151#t18906151,The Chronicles of Chrestomanci — Diana Wynne Jones
,prosodiical,http://prosodiical.livejournal.com/14432.html,The Cluefinders (Video Games)
,prosodiical,http://yuletide.livejournal.com/1206311.html?thread=18928167#t18928167,The Cluefinders (Video Games)
,zeen,http://yuletide.livejournal.com/1206311.html?thread=18859815#t18859815,The Conjuring (2013)
,devilinacardigan,http://yuletide.livejournal.com/1206311.html?thread=18866471#t18866471,The Craft (1996)
,empressearwig,http://yuletide.livejournal.com/1206311.html?thread=18885159#t18885159,The Cranes Dance - Meg Howrey
,cordialcount,http://yuletide.livejournal.com/1206311.html?thread=18863399#t18863399,The Culture - Iain M. Banks
,AdaptationDecay,http://yuletide.livejournal.com/1206311.html?thread=18861863#t18861863,The Discovery Of The Lord Howe Island Stick Insects RPF
,Ghostie,http://yuletide.livejournal.com/1206311.html?thread=18906919#t18906919,The Dresden Files - Jim Butcher
,skazka,http://yuletide.livejournal.com/1206311.html?thread=18869031#t18869031,The Duchess of Malfi - Webster
,mpatientdreamr,http://yuletide.livejournal.com/1206311.html?thread=18880039#t18880039,The Fast and the Furious (2001)
,Sandrine Shaw (Sandrine),http://yuletide.livejournal.com/1206311.html?thread=18924839#t18924839,The Firm (TV)
,jedi_penguin,http://yuletide.livejournal.com/1206311.html?thread=18875687#t18875687,The Five(ish) Doctors Reboot
,htbthomas,http://yuletide.livejournal.com/1206311.html?thread=18872871#t18872871,The Flash (TV 2014)
,betony,http://betony.dreamwidth.org/4950.html,The Flash (TV 2014)
,Sonni89,http://yuletide.livejournal.com/1206311.html?thread=18886951#t18886951,The Flash (TV 2014)
,betony,http://yuletide.livejournal.com/1206311.html?thread=18910247#t18910247,The Flash (TV 2014)
,liliaeth,http://yuletide.livejournal.com/1206311.html?thread=18916647#t18916647,the Flash (tv 2014)
,Syme,http://just-the-syme.livejournal.com/982.html,The Fool’s Tale - Nicole Galland
,Lizwontcry,http://yuletide.livejournal.com/1206311.html?thread=18885927#t18885927,The Good Wife
,boosette,http://boosette.livejournal.com/1428307.html,The Green Hornet (TV)
,blueteak,http://yuletide.livejournal.com/1206311.html?thread=18868519#t18868519,The Hollow Crown (2012)
,MadameHardy,http://yuletide.livejournal.com/1206311.html?thread=18896167#t18896167,The Hour
,betony,http://betony.dreamwidth.org/4950.html,The Iliad - Homer
,betony,http://yuletide.livejournal.com/1206311.html?thread=18910247#t18910247,The Iliad- Homer
,theoldgods,http://yuletide.livejournal.com/1206311.html?thread=18889511#t18889511,The Imitation Game (2014)
,raspberryhunter,http://yuletide.livejournal.com/1206311.html?thread=18865959#t18865959,The Instrumentality of Mankind - Cordwainer Smith
,skazka,http://yuletide.livejournal.com/1206311.html?thread=18869031#t18869031,The King of Shreds and Patches - Interactive Fiction
,APgeeksout,http://apgeeksout.livejournal.com/104281.html,The Last Policeman
,APgeeksout,http://yuletide.livejournal.com/1206311.html?thread=18886183#t18886183,The Last Policeman - Ben H. Winters
,thisisthemorning,http://yuletide.livejournal.com/1206311.html?thread=18871847#t18871847,The Lego Movie (2014)
,yhlee (etothey),http://yuletide.livejournal.com/1206311.html?thread=18899239#t18899239,The LEGO Movie (2014)
,youjik33,http://yuletide.livejournal.com/1206311.html?thread=18873127#t18873127,The Life Aquatic with Steve Zissou (2004)
,htbthomas,http://yuletide.livejournal.com/1206311.html?thread=18872871#t18872871,The Listener (TV)
,Mithen,http://yuletide.livejournal.com/1206311.html?thread=18925351#t18925351,The Lord of the Rings Online
,sperrywink,http://sperrywink.dreamwidth.org/316106.html,The Losers (2010)
,aurilly,http://yuletide.livejournal.com/1206311.html?thread=18878503#t18878503,The Magicians series - Lev Grossman
,Naraht,http://naraht.dreamwidth.org/580403.html,The Marlows - Antonia Forest
,HopefulNebula,http://yuletide.livejournal.com/1206311.html?thread=18866215#t18866215,The Martian - Andy Weir
,specialrhino,http://shifty-gardener.livejournal.com/173281.html,The Master and Margarita - Mikhail Bulgakov
,specialrhino,http://yuletide.livejournal.com/1206311.html?thread=18898727#t18898727,The Master and Margarita - Mikhail Bulgakov
,hiddencait,http://yuletide.livejournal.com/1206311.html?thread=18888231#t18888231,The Maze Runner (2014)
,Melody_Jade,http://yuletide.livejournal.com/1206311.html?thread=18860327#t18860327,The Menagerie Series - Christopher Golden and Thomas E. Sniegoski
,Abstractconcept,http://yuletide.livejournal.com/1206311.html?thread=18866727#t18866727,The Mighty Ducks Disney Movie
,Citagazze,http://yuletide.livejournal.com/1206311.html?thread=18916391#t18916391,The Montmaray Journals - Michelle Cooper
,WickedWonder,http://wickedwonder1.livejournal.com/72695.html,The Most Popular Girls in School
,devilinacardigan,http://yuletide.livejournal.com/1206311.html?thread=18866471#t18866471,The Mummy Series
,cookinguptales,http://yuletide.livejournal.com/1206311.html?thread=18854695#t18854695,The Muppet Show
,Ghostie,http://yuletide.livejournal.com/1206311.html?thread=18906919#t18906919,The Musketeers (2014)
,camelonajourney,http://yuletide.livejournal.com/1206311.html?thread=18921511#t18921511,The Musketeers (2014)
,notkingyet,http://yuletide.livejournal.com/1206311.html?thread=18915367#t18915367,The Mystery of Edwin Drood - Charles Dickens
,Sonni89,http://yuletide.livejournal.com/1206311.html?thread=18886951#t18886951,The Office (US) RPF
,novelized,http://yuletide.livejournal.com/1206311.html?thread=18922535#t18922535,The Perks of Being a Wallflower (2012)
,disenchanted,http://yuletide.livejournal.com/1206311.html?thread=18863655#t18863655,The Picture of Dorian Gray - Oscar Wilde
,Quillori,http://yuletide.livejournal.com/1206311.html?thread=18852903#t18852903,The Prydwen Sails Again (Song)
,Wayfarers,http://yuletide.livejournal.com/1206311.html?thread=18867495#t18867495,The Purge (2013)
,shewhoguards,http://googlebrat.livejournal.com/646442.html,The Queen's Thief - Megan Whalen Turner
,redsnake05,http://redsnake05.dreamwidth.org/262027.html,The Quiet Gentleman (Georgette Heyer)
,skazka,http://yuletide.livejournal.com/1206311.html?thread=18869031#t18869031,The Revenger's Tragedy - Middleton
,sonicshambles,http://yuletide.livejournal.com/1206311.html?thread=18860071#t18860071,The Secret Garden - Frances Hodgson Burnett
,yaseanne,http://yuletide.livejournal.com/1206311.html?thread=18853415#t18853415,The Secret Life of Walter Mitty (2013)
,youjik33,http://yuletide.livejournal.com/1206311.html?thread=18873127#t18873127,The Secret Life of Walter Mitty (2013)
,RecessiveJean,http://recessivejean.livejournal.com/11594.html,The Sherwood Ring — Elizabeth Marie Pope
,RecessiveJean,http://yuletide.livejournal.com/1206311.html?thread=18906151#t18906151,The Sherwood Ring — Elizabeth Marie Pope
,galerian_ash,http://galerian-ash.livejournal.com/61439.html,The Silent Flute | Circle Of Iron (1978)
,galerian_ash,http://yuletide.livejournal.com/1206311.html?thread=18884391#t18884391,The Silent Flute | Circle Of Iron (1978)
,gaialux,http://jalu2.dreamwidth.org/4554.html,The Simpsons
,gaialux,http://yuletide.livejournal.com/1206311.html?thread=18894631#t18894631,The Simpsons
,betony,http://betony.dreamwidth.org/4950.html,The Squire's Tales - Gerald Morris
,betony,http://yuletide.livejournal.com/1206311.html?thread=18910247#t18910247,The Squire's Tales - Gerald Morris
,devilinacardigan,http://yuletide.livejournal.com/1206311.html?thread=18866471#t18866471,The Tenant of Wildfell Hall (TV 1996)
,sonicshambles,http://yuletide.livejournal.com/1206311.html?thread=18860071#t18860071,The Thick of It (TV)
,donutsweeper,http://yuletide.livejournal.com/1206311.html?thread=18854439#t18854439,The Thing From Another World (1951)
,kef,http://yuletide.livejournal.com/1206311.html?thread=18887463#t18887463,The Thompsons (2012)
,TLvop,http://yuletide.livejournal.com/1206311.html?thread=18858791#t18858791,The Three Musketeers (2011)
,possibilityleft,http://yuletide.livejournal.com/1206311.html?thread=18918183#t18918183,The Thrilling Adventure Hour
,redsnake05,http://redsnake05.dreamwidth.org/262027.html,The Thrilling Adventures of Lovelace and Babbage
,robot_jesus,http://yuletide.livejournal.com/1206311.html?thread=18855975#t18855975,The Transformers (IDW Generation One)
,hiddencait,http://yuletide.livejournal.com/1206311.html?thread=18888231#t18888231,The Unusuals
,terra_branford,http://yuletide.livejournal.com/1206311.html?thread=18858279#t18858279,The Venture Bros.
,Deepdarkwaters,http://yuletide.livejournal.com/1206311.html?thread=18878247#t18878247,The War of the Worlds - H. G. Wells
,youjik33,http://yuletide.livejournal.com/1206311.html?thread=18873127#t18873127,The Watch (2012)
,Kristin,http://yuletide.livejournal.com/1206311.html?thread=18892327#t18892327,The Wire
,debirlfan,http://yuletide.livejournal.com/1206311.html?thread=18919719#t18919719,The Writer Automaton
,mk_tortie,http://yuletide.livejournal.com/1206311.html?thread=18868263#t18868263,This Ain't California
,lonelywalker,http://yuletide.livejournal.com/1206311.html?thread=18860583#t18860583,Those Who Kill (US TV)
,camelonajourney,http://yuletide.livejournal.com/1206311.html?thread=18921511#t18921511,Thrilling Adventure Hour
,terra_branford,http://yuletide.livejournal.com/1206311.html?thread=18858279#t18858279,Thundercats (2011)
,thecarlysutra,http://yuletide.livejournal.com/1206311.html?thread=18891047#t18891047,Thunderheart (1992)
,theoldgods,http://yuletide.livejournal.com/1206311.html?thread=18889511#t18889511,Tinker Tailor Soldier Spy - John Le Carre
,Tielan,http://yuletide.livejournal.com/1206311.html?thread=18927143#t18927143,Tokyo Crazy Paradise
,TheFierceBeast,http://thefiercebeast.livejournal.com/743.html,Tombstone
,TheFierceBeast,http://yuletide.livejournal.com/1206311.html?thread=18924583#t18924583,Tombstone (1993)
,liliaeth,http://yuletide.livejournal.com/1206311.html?thread=18916647#t18916647,Tomorrow People (2013)
,Doranwen,http://yuletide.livejournal.com/1206311.html?thread=18856231#t18856231,Tomorrow When the War Began (2010)
,CousinShelley (Cousin Shelley),http://yuletide.livejournal.com/1206311.html?thread=18855719#t18855719,Touching Evil (US)
,thefourthvine,http://yuletide.livejournal.com/1206311.html?thread=18921767#t18921767,Tour of the Merrimack -- R.M. Meluch
,Hokuto,http://yuletide.livejournal.com/1206311.html?thread=18883879#t18883879,Transformers: Rescue Bots
,accidental_zombie,http://yuletide.livejournal.com/1206311.html?thread=18855207#t18855207,Transformers: Shattered Glass
,Croik,http://croik.livejournal.com/125314.html,Transistor
,Settiai,http://settiai.dreamwidth.org/2163724.html,Treasure Planet (2002)
,Settiai,http://yuletide.livejournal.com/1206311.html?thread=18885671#t18885671,Treasure Planet (2002)
,Deepdarkwaters,http://yuletide.livejournal.com/1206311.html?thread=18878247#t18878247,Treeful of Starling - Hawksley Workman (Album)
,youjik33,http://yuletide.livejournal.com/1206311.html?thread=18873127#t18873127,Tropic Thunder (2008)
,magicasen,http://yuletide.livejournal.com/1206311.html?thread=18887975#t18887975,Tsukihime
,Themistoklis,http://yuletide.livejournal.com/1206311.html?thread=18903591#t18903591,Twelfth Night - Shakespeare
,magicasen,http://yuletide.livejournal.com/1206311.html?thread=18887975#t18887975,Umineko no Naku Koro ni | When the Seagulls Cry
,Persiflager,http://yuletide.livejournal.com/1206311.html?thread=18928423#t18928423,Underworld (Movies)
,accidental_zombie,http://yuletide.livejournal.com/1206311.html?thread=18855207#t18855207,Valkyrie Profile: Lenneth
,Krityan,http://yuletide.livejournal.com/1206311.html?thread=18870055#t18870055,Valkyrie Profile: Lenneth
,Magisterequitum,http://yuletide.livejournal.com/1206311.html?thread=18861095#t18861095,Veep
,rubylily,http://yuletide.livejournal.com/1206311.html?thread=18897703#t18897703,Venus Versus Virus
,franzeska,http://yuletide.livejournal.com/1206311.html?thread=18862119#t18862119,Veritas: The Quest
,peevee,http://yuletide.livejournal.com/1206311.html?thread=18860839#t18860839,Vi är bäst! | We Are the Best! (2013)
,jaclynhyde,http://yuletide.livejournal.com/1206311.html?thread=18909991#t18909991,Vingt mille lieues sous les mers | Twenty Thousand Leagues Under the Sea - Jules Verne
,yhlee (etothey),http://yuletide.livejournal.com/1206311.html?thread=18899239#t18899239,Vorkosigan Saga - Lois McMaster Bujold
,Fabrisse,http://yuletide.livejournal.com/1206311.html?thread=18870567#t18870567,VR.5
,Doranwen,http://yuletide.livejournal.com/1206311.html?thread=18856231#t18856231,Walker Texas Ranger (TV)
,franzeska,http://yuletide.livejournal.com/1206311.html?thread=18862119#t18862119,Walt Longmire Mysteries - Craig Johnston
,liliaeth,http://yuletide.livejournal.com/1206311.html?thread=18916647#t18916647,Warm Bodies (2013)
,spock,http://yuletide.livejournal.com/1206311.html?thread=18862375#t18862375,Warrior (2011)
,Croik,http://croik.livejournal.com/125314.html,Warriors Orochi
,astrokath,http://yuletide.livejournal.com/1206311.html?thread=18863143#t18863143,Watership Down - Richard Adams
,gonergone,http://gonergone.dreamwidth.org/63890.html,Watership Down - Richard Adams
,gonergone,http://yuletide.livejournal.com/1206311.html?thread=18881575#t18881575,Watership Down - Richard Adams
,Kristin,http://yuletide.livejournal.com/1206311.html?thread=18892327#t18892327,Wayne's World (1992)
,linndechir,http://linndechir.livejournal.com/55968.html,Welcome to the Punch (2013)
,linndechir,http://yuletide.livejournal.com/1206311.html?thread=18878759#t18878759,Welcome to the Punch (2013)
,rosaxx50,http://yuletide.livejournal.com/1206311.html?thread=18900775#t18900775,Wheel of Time - Robert Jordan
,Doyle,http://yuletide.livejournal.com/1206311.html?thread=18877991#t18877991,When In Rome (2010)
,rosaxx50,http://yuletide.livejournal.com/1206311.html?thread=18900775#t18900775,Wicked Lovely Series - Melissa Marr
,SegaBarrett,http://sydpenguinbunny.livejournal.com/205628.html,Wiseguy
,SegaBarrett,http://yuletide.livejournal.com/1206311.html?thread=18904359#t18904359,Wiseguy
,weasleytook,http://yuletide.livejournal.com/1206311.html?thread=18907431#t18907431,Witches of East End (TV)
,peevee,http://yuletide.livejournal.com/1206311.html?thread=18860839#t18860839,Withnail & I (1986)
,zeen,http://yuletide.livejournal.com/1206311.html?thread=18859815#t18859815,Withnail and I (1986)
,Firerose,http://firerose.dreamwidth.org/9774.html,Wives and Daughters - Elizabeth Gaskell
,gloria_scott,http://yuletide.livejournal.com/1206311.html?thread=18874151#t18874151,Wizards and Warriors (TV)
,Melody_Jade,http://yuletide.livejournal.com/1206311.html?thread=18860327#t18860327,Women of the Otherworld - Kelley Armstrong
,Doranwen,http://yuletide.livejournal.com/1206311.html?thread=18856231#t18856231,Women's Murder Club (TV)
,gonergone,http://gonergone.dreamwidth.org/63890.html,Wonder Boys (2000)
,gonergone,http://yuletide.livejournal.com/1206311.html?thread=18881575#t18881575,Wonder Boys (2000)
,augusta_brie,http://yuletide.livejournal.com/1206311.html?thread=18919975#t18919975,World Trigger
,Kharasma,http://kharamagic.dreamwidth.org/1082.html,Wreck-it Ralph (2012)
,Kharasma,http://yuletide.livejournal.com/1206311.html?thread=18913319#t18913319,Wreck-it Ralph (2012)
,alliterate,http://yuletide.livejournal.com/1206311.html?thread=18859303#t18859303,X-23 (Comic)
,Snickfic,http://yuletide.livejournal.com/1206311.html?thread=18862631#t18862631,X-Force (Comics)
,Rekall,http://yuletide.livejournal.com/1206311.html?thread=18866983#t18866983,X-Force (Comics)
,Alby_Mangroves,http://yuletide.livejournal.com/1206311.html?thread=18889255#t18889255,X-Men First Class (2011) RPF
,Alby_Mangroves,http://yuletide.livejournal.com/1206311.html?thread=18889255#t18889255,X-Men RPF
,WickedWonder,http://wickedwonder1.livejournal.com/72695.html,Yes (band)
,NightsMistress,http://batman.dreamwidth.org/16577.html,Young Wizards
,shewhoguards,http://googlebrat.livejournal.com/646442.html,Young Wizards - Diane Duane
,NightsMistress,http://yuletide.livejournal.com/1206311.html?thread=18888487#t18888487,Young Wizards - Diane Duane
,Rosencrantz,http://yuletide.livejournal.com/1206311.html?thread=18925607#t18925607,Zalgon 26 McGee - The Vestibules
,ElStaplador,http://el-staplador.dreamwidth.org/407888.html,Zenda novels - Anthony Hope
,MadameHardy,http://yuletide.livejournal.com/1206311.html?thread=18896167#t18896167,Zenda Novels - Anthony Hope
,youjik33,http://yuletide.livejournal.com/1206311.html?thread=18873127#t18873127,Zoolander (2001)
,And_Dream_Of_Erebor,http://yuletide.livejournal.com/1206311.html?thread=18874663#t18874663,Эраст Петрович Фандорин - Борис Акунин | Erast Petrovich Fandorin - Boris Akunin
,jaegecko,http://yuletide.livejournal.com/1206311.html?thread=18867239#t18867239,חטופים | Hatufim | Prisoners of War
,Quillori,http://yuletide.livejournal.com/1206311.html?thread=18852903#t18852903,كتاب ألف ليلة وليلة | Kitaab 'alf layla wa-layla | One Thousand and One Nights
,prosodiical,http://prosodiical.livejournal.com/14432.html,アオイシロ | Aoi Shiro (Visual Novel)
,prosodiical,http://yuletide.livejournal.com/1206311.html?thread=18928167#t18928167,アオイシロ | Aoi Shiro (Visual Novel)
,augusta_brie,http://yuletide.livejournal.com/1206311.html?thread=18919975#t18919975,ダイヤのA | Daiya no A | Ace of Diamond
,slr2moons,http://slr2moons.dreamwidth.org/196518.html,声優かっ! | Seiyu-ka! | Voice Over! Seiyu Academy
,slr2moons,http://yuletide.livejournal.com/1206311.html?thread=18909479#t18909479,声優かっ! | Seiyu-ka! | Voice Over! Seiyu Academy
,rubylily,http://yuletide.livejournal.com/1206311.html?thread=18897703#t18897703,幻影ヲ駆ケル太陽 il sole penetra le illusioni | Day Break Illusion
,Mithen,http://yuletide.livejournal.com/1206311.html?thread=18925351#t18925351,恋とは呼べない | Koi to wa Yobenai
,augusta_brie,http://yuletide.livejournal.com/1206311.html?thread=18919975#t18919975,曇天に笑う | Donten ni Warau
,spacesleuth,http://yuletide.livejournal.com/1206311.html?thread=18881319#t18881319,月刊少女野崎くん | Gekkan Shoujo Nozaki-kun
,Krityan,http://yuletide.livejournal.com/1206311.html?thread=18870055#t18870055,神々の悪戯 | Kamigami no Asobi
,rubylily,http://yuletide.livejournal.com/1206311.html?thread=18897703#t18897703,神さまのいない日曜日 | Kamisama no Inai Nichiyoubi | Sunday Without God
,slr2moons,http://slr2moons.dreamwidth.org/196518.html,終わりのセラフ | Owari no Seraph | Seraph of the End
,slr2moons,http://yuletide.livejournal.com/1206311.html?thread=18909479#t18909479,終わりのセラフ | Owari no Seraph | Seraph of the End
,Heart_of_Targness,http://yuletide.livejournal.com/1206311.html?thread=18908711#t18908711,風立ちぬ | Kaze Tachinu | The Wind Rises (2013)